{"cameraMode":{"drawMode":0,"name":"Shaded","section":"Shading Mode"},"sceneLighting":true,"audioPlay":false,"sceneViewState":{"showFog":true,"showMaterialUpdate":false,"showSkybox":true,"showFlares":true,"showImageEffects":true,"showParticleSystems":true,"showVisualEffectGraphs":true,"m_FxEnabled":true},"in2DMode":false,"pivot":{"x":0.0005140304565429688,"y":0.5029264688491821,"z":-0.017497777938842775},"rotation":{"x":0.08649547398090363,"y":-0.5289936661720276,"z":0.05430949851870537,"w":0.8424655795097351},"size":0.7050694823265076,"orthographic":false}